Feature_Set,Model,Accuracy,Precision,Recall,F1,CV_Accuracy,Num_Features
SyscallPatterns,RF,0.9978976874562018,0.9958071278825996,1.0,0.9978991596638656,0.9980378416257883,1050
